site,url,fit,status,notes
Hacker News,https://news.ycombinator.com/submit,High,Not submitted,"Use Show HN title from promote.html"
Product Hunt,https://www.producthunt.com/posts/new,High,Not submitted,"Use architecture image and screenshots"
Dev Hunt,https://devhunt.org/submit,High,Not submitted,"Developer-tool audience"
AlternativeTo,https://alternativeto.net/software/new/,Medium,Not submitted,"Position as alternative to ad hoc agent memory"
Uneed,https://www.uneed.best/submit-a-tool,Medium,Not submitted,"Startup/tool directory"
Toolsland.ai,https://www.toolsland.ai/submit-ai-tool-free,Medium,Not submitted,"AI tool directory"
AI SuperHub,https://aisuperhub.io/ai-tools/submit,Medium,Not submitted,"AI tool directory"
Submit AI Tools,https://submitaitools.org/,Medium,Not submitted,"AI tool directory"
AI Directory,https://www.ai-directory.io/,Medium,Not submitted,"AI tool directory"
The Next AI,https://www.thenextai.com/submit-ai-tool/,Medium,Not submitted,"AI tool directory"
AIToolsIndex,https://aitoolsindex.org/submit,Medium,Not submitted,"AI tool directory"
Reddit LocalLLaMA,https://www.reddit.com/r/LocalLLaMA/submit,High,Not submitted,"Technical feedback post"
Reddit AI_Agents,https://www.reddit.com/r/AI_Agents/submit,High,Not submitted,"Agent builders"
Reddit opensource,https://www.reddit.com/r/opensource/submit,Medium,Not submitted,"Open-source angle"
Dev.to,https://dev.to/new,Medium,Not submitted,"Write technical launch article"
Hashnode,https://hashnode.com/,Medium,Not submitted,"Republish technical launch article"
